Notation,Molecular Formula,Compound,See Gaglio et al. and Ahn et al. for MTBSTFA molecular formulas,,,,,,,
"1,3-BPG",C3H7O10P2,"1,3-bisphosphoglycerate",,,,,,,,
2-KGH tri-TBDMS,C15H31O5N1Si3,2-KG hydroxamate tri-TBDMS,This is only the [M-75]+ fragment,,,,,,,
2/3PG,C3H6O7P1,2/3-phosphoglycerate,,,,,,,,
2.3PG,,,,,,,,,,
2PG/3PG,C3H6O7P1,2/3-phosphogluconate,,,,,,,,
2PG.3PG,,,,,,,,,,
6PG,C6H12O10P1,6-phosphogluconate,,,,,,,,
A-K-B-MV,C6H10O3,keto isoleucine,,,,,,,,
A.K.B.MV,,,,,,,,,,
A-KIC,C6H10O3,keto leucine,,,,,,,,
A.KIC,,,,,,,,,,
A-KIV,C5H8O3,keto valine,,,,,,,,
A.KIV,,,,,,,,,,
ACoA,C23H37N7O17P3S1,Acetyle coenzyme A,,,,,,,,
aCoA,C23H37N7O17P3S2,Acetyle coenzyme A,,,,,,,,
ADP,C10H14N5O10P2,Adenosine diphosphate ,,,,,,,,
AKG,C5H5O5,alpha-ketoglutarate,,,,,,,,
aKG,C5H5O5,alpha-ketoglutarate,,,,,,,,
akg,C5H5O5,alpha-ketoglutarate,,,,,,,,
AKG_12345,C14H28O5N1Si2,alpha-ketoglutarate MeOx MTBSTFA,C5H6O5SiCH3CH2C(CH3)3NCH3SiCH3CH2,,,,,,,
Akg_12345,C14H28O5N1Si2,alpha-ketoglutarate MeOx MTBSTFA,C5H6O5SiCH3CH2C(CH3)3NCH3SiCH3CH2,,,,,,,
akg_12345,C14H28O5N1Si2,alpha-ketoglutarate MeOx MTBSTFA,C5H6O5SiCH3CH2C(CH3)3NCH3SiCH3CH2,,,,,,,
ALA,C3H6O2N1,Alanine,,,,,,,,
Ala,C3H6O2N1,Alanine,,,,,,,,
ALA_123,C11H26O2N1Si2,C11H26O2N1Si2,Second formula is the full formula. First formula subtracts the carbons in metabolite only. ,,,,,,,
Ala_123,C11H26O2N1Si2,C11H26O2N1Si2,,,,,,,,
ALA_23,C10H26O1N1Si2,C10H26O1N1Si2,Second formula is the full formula. First formula subtracts the carbons in metabolite only. ,,,,,,,
Ala_23,C10H26O1N1Si2,C10H26O1N1Si2,,,,,,,,
Alanine,C3H6O2N1,Alanine,,,,,,,,
AMP,C10H13N5O7P1,Adenosine monophosphate ,,,,,,,,
Asp,C4H6O4N1,Aspartate,,,,,,,,
ASP,C4H6O4N1,Aspartate,,,,,,,,
ASP_12,C14H32O2N1Si2,C14H32O2N1Si2,Second formula is the full formula. First formula subtracts the carbons in metabolite only. ,,,,,,,
Asp_12,C14H32O2N1Si2,C14H32O2N1Si2,,,,,,,,
ASP_1234,C18H40O4N1Si3,C18H40O4N1Si3,Second formula is the full formula. First formula subtracts the carbons in metabolite only. ,,,,,,,
Asp_1234,C18H40O4N1Si3,C18H40O4N1Si3,,,,,,,,
ASP_234,C17H40O3N1Si3,C17H40O3N1Si3,Second formula is the full formula. First formula subtracts the carbons in metabolite only. ,,,,,,,
Asp_234,C17H40O3N1Si3,C17H40O3N1Si3,,,,,,,,
ATP,C10H15N5O13P3,Adenosine triphosphate,,,,,,,,
C10,C17H33NO4,C10 CARNITINE,,,,,,,,
C10:1,C17H31NO4,C10:1 CARNITINE,,,,,,,,
C10.1,,,,,,,,,,
C12,C19H37NO4,C12 CARNITINE,,,,,,,,
C12:1,C19H35NO4,C12:1 CARNITINE,,,,,,,,
C12.1,,,,,,,,,,
C14,C21H41NO4,C14 CARNITINE,,,,,,,,
C14:1,C21H39NO4,C14:1 CARNITINE,,,,,,,,
C14.1,,,,,,,,,,
C14:2,C21H37NO4,C14:2 CARNITINE,,,,,,,,
C14.2,,,,,,,,,,
C16,C23H45NO4,C16 CARNITINE,,,,,,,,
C16:1,C23H43NO4,C16:1 CARNITINE,,,,,,,,
C16.1,,,,,,,,,,
C16:2,C23H41NO4,C16:2 CARNITINE,,,,,,,,
C16.2,,,,,,,,,,
C18,C25H49NO4,C18 CARNITINE,,,,,,,,
C18:1,C25H47NO4,C18:1 CARNITINE,,,,,,,,
C18.1,,,,,,,,,,
C18:2,C25H45NO4,C18:2 CARNITINE,,,,,,,,
C18.2,,,,,,,,,,
C2,C9H17NO4,C2 CARNITINE,,,,,,,,
C20,C27H53NO4,C20 CARNITINE,,,,,,,,
C20:1,C27H51NO4,C20:1 CARNITINE,,,,,,,,
C20.1,,,,,,,,,,
C20:2,C27H49NO4,C20:2 CARNITINE,,,,,,,,
C20.2,,,,,,,,,,
C20:3,C27H47NO4,C20:3 CARNITINE,,,,,,,,
C20.3,,,,,,,,,,
C20:4,C27H45NO4,C20:4 CARNITINE,,,,,,,,
C20.4,,,,,,,,,,
C3,C10H19NO4,C3 CARNITINE,,,,,,,,
C4,C11H21NO4,C4 CARNITINE,,,,,,,,
C5,C12H23NO4,C5 CARNITINE,,,,,,,,
C6,C13H25NO4,C6 CARNITINE,,,,,,,,
C7,C14H27NO4,C7-carnitine,,,,,,,,
C8,C15H29NO4,C8 CARNITINE,,,,,,,,
C8:1,C15H27NO4,C8:1 CARNITINE,,,,,,,,
C8.1,,,,,,,,,,
cAMP,C10H11O6N5P1,Cyclic adenosine monophosphate,,,,,,,,
CDP,C9H14N3O11P2,Cytidine diphosphate,,,,,,,,
cGMP,C10H11O7N5P1,Cyclic guanosine monophosphate,Second formula is the full formula. First formula subtracts the carbons in metabolite only. ,,,,,,,
CIT_123456,C20H39O6Si3,C20H39O6Si3,Second formula is the full formula. First formula subtracts the carbons in metabolite only. ,,,,,,,s
Cit_123456,C20H39O6Si3,C20H39O6Si3,,,,,,,,
CIT/ICIT,C6H7O7,Citrate/Isocitrate,,,,,,,,s
CIT.ICIT,,,,,,,,,,
CMP,C9H14N3O8P,cytidine monophosphate,,,,,,,,
E4P,C4H8O7P1,Erythrose 4-phosphate,,,,,,,,
F1P,C6H12O9P,Fructose 1-phosphate,,,,,,,,
FAD,C27H32N9O15P2,Flavin adenine dinucleotide ,,,,,,,,
FADH,C27H33N9O15P2,semi-reduced FAD,,,,,,,,
FADH2,C27H34N9O15P2,reduced FAD,,,,,,,,
FBP,C6H13O12P2,"Fructose 1,6-bisphosphate",,,,,,,,
Fbp,C6H13O12P2,"Fructose 1,6-bisphosphate",,,,,,,,
FUM,C4H3O4,Fumurate,,,,,,,,
Fum,C4H3O4,Fumurate,C4H4O4SiCH3CH2C(CH3)3SiCH3CH2,,,,,,,
Fum_1234,C12H23O4Si2,Fumarate MTBSTFA,C4H4O4SiCH3CH2C(CH3)3SiCH3CH2,,,,,,,
FUM_1234,C12H23O4Si2,Fumarate MTBSTFA,C4H4O4SiCH3CH2C(CH3)3SiCH3CH2,,,,,,,
fum_1234,C12H23O4Si2,Fumarate MTBSTFA,,,,,,,,
G1P,C6H12O9P,Glucose 1-phosphate,,,,,,,,
G3P,C3H6O6P,Glyceraldehyde 3-phosphate,,,,,,,,
G6P.F6P,,,,,,,,,,
G6P/F6P,C6H12O9P,Glucose/Fructose-6-phosphate,,,,,,,,
GDP,C10H14O11N5P2,Guanosine diphosphate,,,,,,,,
Gl_OH3P,C3H8O6P,Glycerol 3-phosphate,,,,,,,,
Gl-OH3P,C3H8O6P,Glycerol 3-phosphate,Gln is gluatmine; Glu is glutamic acid,,,,,,,
Gl.OH3P,,,,,,,,,,
GLN,C5H9O3N2,Glutamine,Gln is gluatmine; Glu is glutamic acid,,,,,,,
Gln,C5H9O3N2,Glutamine,Second formula is the full formula. First formula subtracts the carbons in metabolite only. ,,,,,,,
GLN_12345,C18H52O3N2Si3,C23H52O3N2Si3,,,,,,,,
Gln_12345,C18H52O3N2Si3,C23H52O3N2Si3,Gln is gluatmine; Glu is glutamic acid,,,,,,,
GLU,C5H8O4N1,Glutamic acid,Gln is gluatmine; Glu is glutamic acid,,,,,,,
Glu,C5H8O4N1,Glutamic acid,Second formula is the full formula. First formula subtracts the carbons in metabolite only. ,,,,,,,
GLU_12345,C19H42O4N1Si3,C19H42O4N1Si3,,,,,,,,
Glu_12345,C19H42O4N1Si3,C19H42O4N1Si3,Second formula is the full formula. First formula subtracts the carbons in metabolite only. ,,,,,,,
GLU_2345,C16H36O2N1Si2,C16H36O2N1Si2,,,,,,,,
Glu_2345,C16H36O2N1Si2,C16H36O2N1Si2,,,,,,,,
Glucose,C6H11O6,glucose,,,,,,,,
Glucose_123456,C13H36O6Si2,glucose-mtbstfa???,,,,,,,,
GlucoseA,C14H24O6Si2,Glucose_MTBSTFA-fragment?-peakA,,,,,,,,
GlucoseB,C14H24O6Si2,Glucose_MTBSTFA-fragment?-peakB,,,,,,,,
Glucose-BSTFA,C13H31O3Si3,glucose-BSTFA,,,,,,,,
GMP,C10H13O8N5P1,Guanosine monophosphate,,,,,,,,
GTP,C10H15O14N5P3,Guanosine triphosphate,,,,,,,,
HIB,C4H8O3,3-hydroxyisobuterate,,,,,,,,
Isoleucine_MTBSTFA,C14H32NO2Si2,MTBSTFA derivatized Isoleucine,,,,,,,,
L.Car,,,,,,,,,,
L-Car,C7H15NO3,L-carnitine,,,,,,,,
Ile.Leu,,,,,,,,,,
Ile-Leu,C6H13NO2,leucine and isoleucine,,,,,,,,
IMP,C10H13N4O8P,5'insinic acid,,,,,,,,
L-Carn,C7H15NO3,L-carnitine,,,,,,,,
L.Carn,,,,,,,,,,
L-carn,C7H15NO3,L-carnitine,,,,,,,,
L.carn,,,,,,,,,,
Lac,C3H5O3,Lactate,,,,,,,,
LAC,C3H5O3,Lactate,,,,,,,,
Lac_123,C11H25O3Si2,C11H25O3Si2,,,,,,,,
Leucine_MTBSTFA,C14H32NO2Si2,MTBSTFA derivatized Leucine,,,,,,,,
Leu_23456,C7H16N1O1Si1,Leu-BSTFA,,,,,,,,
M6P,C6H12O9P1,Mannose 6-phosphate,,,,,,,,
MAL,C4H5O5,Malate,,,,,,,,
Mal,C4H5O5,Malate,Second formula is the full formula. First formula subtracts the carbons in metabolite only. ,,,,,,,
MAL_1234,C18H39O5Si3,C18H39O5Si3,,,,,,,,
Mal_1234,C18H39O5Si3,C18H39O5Si3,,,,,,,,
MCoA,C24H37N7O19P3S1,Acetyle coenzyme A,,,,,,,,
mCoA,C24H37N7O19P3S1,Acetyle coenzyme A,,,,,,,,
MTBSTFA,C9H18O1N1Si3F3,N-(tert-Butyledimethylsilyl)-N-methyl-trifluoroacetamide,,,,,,,,
NAA,C6H9O5N,N-acetylaspartate,,,,,,,,
NAD,C21H26N7O14P2,Nicotinamide adenine dinucleotide,,,,,,,,
NADH,C21H28N7O14P2,reduced NAD,,,,,,,,
OXA,C4H4O5,Oxaloacetate,,,,,,,,
Ornithine_MTBSTFA,C23H54N2O2Si3,MTBSTFA derivatized ornithine,,,,,,,,
Palm,C16H32O2,Palmitic acid,,,,,,,,
PEP,C3H4O6P1,Phosphoenolpyruvate,,,,,,,,
Pep,C3H4O6P1,Phosphoenolpyruvate,,,,,,,,
PYR,C3H3O3,Pyruvate,,,,,,,,
Pyr,C3H3O3,Pyruvate,Second formula is the full formula. First formula subtracts the carbons in metabolite only. ,,,,,,,
PYR_123,C6H12O3N1Si1,C6H12O3N1Si1,,,,,,,,
Pyr_123,C6H12O3N1Si1,C6H12O3N1Si1,,,,,,,,
R1P,C5H10O8P1,Ribose 5-phosphate,,,,,,,,
R5P/X5P,C5H10O8P1,Ribose 5-phosphate/ Xylulose 5-phosphate,,,,,,,,
Ru5P,C5H10O8P1,Ribulose 5-phosphate,,,,,,,,
S7P,C7H14O10P,Sedoheptulose 7-phosphate,,,,,,,,
SCoA,C25H39O19N7P3S1,Succinyl coenzyme A,,,,,,,,
sCoA,C25H39O19N7P3S1,Succinyl coenzyme A,,,,,,,,
SUC,C4H5O4,Succinate,,,,,,,,
Suc,C4H5O4,Succinate,Second formula is the full formula. First formula subtracts the carbons in metabolite only. ,,,,,,,
SUC_1234,C12H25O4Si2,C12H25O4Si2,,,,,,,,
Suc_1234,C12H25O4Si2,C12H25O4Si2,,,,,,,,
UMP,C9H13N2O9P,uridine monophosphate,,,,,,,,
Urea_MTBSTFA,C9H23N2OSi2,MTBSTFA derivatized urea,,,,,,,,
Valine_MTBSTFA_1234,C10H24NSi,MTBSTFA derivatized valine-first 4 carbons,,,,,,,,
Valine,C5H11N02,Valine,,,,,,,,
Val.MTBSTFA_1234,,,,,,,,,,
Suc.1234,,,,,,,,,,
Ala.123,,,,,,,,,,
C4_DC,C11H19NO6,,,,,,,,,
Tyrosine,C9H11NO3,,,,,,,,,
Thr,C4H9NO3,,,,,,,,,
Serine,C3H7NO3,,,,,,,,,
Propionyl_CoA,C24H40N7O17P3S,,,,,,,,,
Proline,C5H9NO2,,,,,,,,,
Methylmalonyl_CoA,C25H40N7O19P3S,,,,,,,,,
Methylmalonate,C4H4O4,,,,,,,,,
Methylcitrate,C7H8O7,,,,,,,,,
CoA,C21H36N7O16P3S,,,,,,,,,
ArgSuc,C10H18N4O6,,,,,,,,,
3_amino_isobutanoate,C4H9NO2,,,,,,,,,
Citrate,,,,,,,,,,
Malate,,,,,,,,,,